[
  {
    "name": "theme_info",
    "theme_name": "Dawn",
    "theme_version": "1.0.0",
    "theme_author": "Shopify",
    "theme_documentation_url": "https:\/\/shopify.dev\/themes\/tools\/dawn",
    "theme_support_url": "https:\/\/support.shopify.com\/"
  },
  {
    "name": "Colors",
    "settings": [
      {
        "type": "color",
        "id": "primary_color",
        "label": "Primary Color",
        "default": "#876445"
      },
      {
        "type": "color",
        "id": "secondary_color",
        "label": "Secondary Color",
        "default": "#D9E0F0"
      },
      {
        "type": "color",
        "id": "bg_color",
        "label": "Background",
        "default": "#ffffff"
      },
      {
        "type": "header",
        "content": "Basic Text Color"
      },
      {
        "type": "color",
        "id": "basic_text_color",
        "label": "Basic Text Color",
        "default": "#333333"
      },
      {
        "type": "header",
        "content": "Heaing Text color"
      },
      {
        "type": "color",
        "id": "heading_text_color",
        "label": "Heading Text Color",
        "default": "#333333"
      }
    ]
  },
  {
    "name": "button",
    "settings": [
      {
        "type": "color",
        "id": "button_bg_color",
        "label": "Background Color",
        "default": "#000000"
      },
      {
        "type": "color",
        "id": "button_text_color",
        "label": "Text Color",
        "default": "#ffffff"
      },
      {
        "type": "range",
        "id": "button_font_size",
        "min": 0,
        "max": 40,
        "step": 1,
        "unit": "px",
        "label": "Button Size",
        "default": 16
      },
      {
        "type": "range",
        "id": "button_radius",
        "min": 0,
        "max": 40,
        "step": 2,
        "unit": "px",
        "label": "Border Radius",
        "default": 0
      },
      {
        "type": "header",
        "content": "Button Hover Colors"
      },
      {
        "type": "color",
        "id": "button_hover_text_color",
        "label": "Text Color",
        "default": "#ffffff"
      },
      {
        "type": "color",
        "id": "button_hover_bg_color",
        "label": "Background Color",
        "default": "#876445"
      }
    ]
  },
  {
    "name": "typography",
    "settings": [
      {
        "type": "header",
        "content": "Basic Font Family"
      },
      {
        "type": "font_picker",
        "id": "type_body_font",
        "default": "sans-serif",
        "label": "Basic Font Family"
      },
      {
        "type": "header",
        "content": "Heading Font Family"
      },
      {
        "type": "font_picker",
        "id": "type_header_font",
        "default": "sans-serif",
        "label": "Heading Font Family"
      }
    ]
  },
  {
    "name": "Favicon",
    "settings": [
      {
        "type": "image_picker",
        "id": "favicon",
        "label": "favicon image"
      }
    ]
  },
  {
    "name": "common banner section",
    "settings": [
      {
        "type": "image_picker",
        "id": "common_banner_img",
        "label": "Common Banner Image"
      }
    ]
  },
  {
    "name": "login page ",
    "settings": [
      {
        "type": "image_picker",
        "id": "login_img",
        "label": "Login Side Image"
      }
    ]
  },
  {
    "name": "collection page filter",
    "settings": [
      {
        "type": "textarea",
        "id": "filter_collection",
        "label": "filter collection option",
        "info": "Example: men,women"
      }
    ]
  }
]